010-9148-9799	소풍농장	02/13
	한남목장	02/12
010-3949-2170	수정목장	02/12
010-4445-3501	선민목장	02/12
010-6693-3335	양상숙 농가	02/11
010-3609-0835	만나축산	02/11
010-3734-1859	부천목장	02/11
010-6485-4123	성일목장	02/11
010-6546-5599	마루터목장	02/11
010-4869-5933	지아이글로벌	02/10
010-3839-5047	동진농장	02/10
010-4423-9633	정호축산	02/09
010-3696-1762	신천골드한우	02/06
010-4442-3617	청주_대성목장	02/06
	규일목장	02/06
010-9605-9849	기영농업회사법인주식회사	02/05
010-3727-0297	백두산목장	02/05
010-4626-5153	강신구 농장	02/05
010-7133-7358	등문농장	02/05
	이상부	02/05
010-8992-5420	누릉이목장	02/04
010-6422-4089	배상원 농가	02/04
010-9634-5151	하노다래목장	02/03
010-3675-1998	광성농장	01/30
010-9486-0709	산곡축산	01/29
010-3667-5574	엘림목장	01/28
010-3672-8025	임마누엘농장	01/28
010-7799-3494	칠성한우영농조합법인	01/28
031-675-8730	농업회사법인 주식회사 태백사료	01/27
	주식회사 서해사료	01/27
	주식회사 해오름통상	01/26
010-7112-2740	이월	01/23
010-3694-8487	동서남북	01/20
010-8375-3489	장인목장	01/20
010-8705-8367	대길 목장	01/20
010-4328-5611	애수목장	01/19
010-6621-2709	고원농장	01/19
010-6242-0095	상미농장	01/19
010-2693-5898	진범축산	01/15
010-4250-3597	성재농장	01/15
010-8962-2883	다윗농원	01/15
010-8742-1566	물레방아농장	01/13
010-5492-7184	그린낙농	01/09
010-2988-2092	경은목장	01/05
010-2829-7976	정성수 목장	01/05
010-8932-2416	보고목장	01/02
010-9883-4004	김평남	12/30
010-5099-1233	참신농장	12/30
010-8001-7795	차동농장	12/29
010-3938-6085	은희목장	12/17
010-3737-7111	농업회사법인 유한회사 영우	12/04
010-9409-8090	신영현 농장	11/27
010-3533-7757	제3영동농장	11/27
010-6252-3337	동원목장	11/21
010-4535-5267	동임축산	11/18
010-5752-9940	김종섭농가	11/05
010-3804-1187	최경일 농가	11/05
010-8649-2678	강진농장	10/29
010-4742-1263	최문원 농가	10/22
010-5427-5693	전병력 농가	10/20
010-3682-6220	금성농장	10/13
010-3768-5161	지앤알팜(장안농장)	10/02
010-3355-3855	뚝방농장	10/02
010-2508-3771	이철호 농가	09/29
010-7299-7587	명실농장	09/22
010-8377-3264	이기명 농가	09/08
010-8660-0863	9 good farm	08/26
010-3699-2468	혜성축산	07/14
010-2758-2906	오뚜기목장	07/03
010-5125-2499	태광큐엠 주식회사	06/30
010-5320-5883	엘지축산	06/30
010-6352-2191	아영농장	06/30
010-4816-7538	우진농장	06/30
010-9050-9375	토끼실목장	06/30
010-8661-5100	푸른초원	06/30
010-4797-0345	거성농장	06/30
010-5052-6385	홍이목장	06/30
010-6324-5329	주열농장	06/30
